<?xml version="1.0" encoding="UTF-8"?>

<mule xmlns:context="http://www.springframework.org/schema/context" xmlns:scripting="http://www.mulesoft.org/schema/mule/scripting" xmlns:http="http://www.mulesoft.org/schema/mule/http" xmlns="http://www.mulesoft.org/schema/mule/core"
	xmlns:doc="http://www.mulesoft.org/schema/mule/documentation"
	xmlns:spring="http://www.springframework.org/schema/beans" version="CE-3.6.1"
	xmlns:xsi="http://www.w3.org/2001/XMLSchema-instance"
	xsi:schemaLocation="http://www.springframework.org/schema/context http://www.springframework.org/schema/context/spring-context.xsd
http://www.springframework.org/schema/beans http://www.springframework.org/schema/beans/spring-beans-current.xsd
http://www.mulesoft.org/schema/mule/core http://www.mulesoft.org/schema/mule/core/current/mule.xsd
http://www.mulesoft.org/schema/mule/http http://www.mulesoft.org/schema/mule/http/current/mule-http.xsd
http://www.mulesoft.org/schema/mule/scripting http://www.mulesoft.org/schema/mule/scripting/current/mule-scripting.xsd">

	<context:property-placeholder location="sample-app.properties" ignore-resource-not-found="true" ignore-unresolvable="true" />
	
	<http:listener-config name="HTTP_Listener_Configuration" host="0.0.0.0" port="9000" doc:name="HTTP Listener Configuration" />
	
	<flow name="sample-appFlow">
		<http:listener config-ref="HTTP_Listener_Configuration" path="/test" allowedMethods="GET" doc:name="HTTP">
			<http:response-builder statusCode="200" />
		</http:listener>
        <logger message="Message received!" level="INFO" category="esb.sample-api.get" doc:name="Log"/>
        <scripting:component doc:name="Set Username">
            <scripting:script engine="Groovy"><![CDATA[flowVars['username'] = '${sample.user.name}'.startsWith('$') ? 'World' : '${sample.user.name}'
return message]]></scripting:script>
        </scripting:component>
		<set-payload doc:name="Set Payload" value="{&quot;message&quot;: &quot;Hello, #[flowVars['username']]&quot; }"/>
        <set-property propertyName="Content-Type" value="application/json" doc:name="Set Content-Type"/>
	</flow>
</mule>
